{
  "lastTotal": 139.340306619,
  "lastDate": "2026-04-22",
  "yesterdaySpend": 7.633908313999996
}