{
  "lastTotal": 123.172157373,
  "lastDate": "2026-04-19",
  "yesterdaySpend": 3.985980521000002
}