{
  "lastTotal": 162.20357386,
  "lastDate": "2026-04-26",
  "yesterdaySpend": 2.877276060000014
}