{
  "lastTotal": 144.545306207,
  "lastDate": "2026-04-23",
  "yesterdaySpend": 5.204999588000021
}