{
  "lastTotal": 168.739150405,
  "lastDate": "2026-04-27",
  "yesterdaySpend": 6.535576544999998
}