{
  "lastTotal": 95.922318267,
  "lastDate": "2026-04-16",
  "yesterdaySpend": 0.10692445599998734
}