{
  "lastTotal": 131.706398305,
  "lastDate": "2026-04-21",
  "yesterdaySpend": 4.589947663999993
}