{
  "lastTotal": 127.116450641,
  "lastDate": "2026-04-20",
  "yesterdaySpend": 3.9442932679999956
}