{
  "lastTotal": 119.186176852,
  "lastDate": "2026-04-18",
  "yesterdaySpend": 12.560068733000008
}