{
  "lastTotal": 106.626108119,
  "lastDate": "2026-04-17",
  "yesterdaySpend": 10.703789852
}