{
  "lastTotal": 150.062556502,
  "lastDate": "2026-04-24",
  "yesterdaySpend": 5.517250294999997
}