{
  "lastTotal": 159.3262978,
  "lastDate": "2026-04-25",
  "yesterdaySpend": 9.263741297999985
}