{
  "lastTotal": 181.709785964,
  "lastDate": "2026-04-28",
  "yesterdaySpend": 12.970635558999987
}